N°Obs;1. Civilisation;2. Civilisation_Autre;3. Age;4. Carriere;5. Region;6. OrigineDomaine;7. Si_etrangers_de_quelle_partie_venez-vous;8. VinNation;9. VinImport;10. bas_gamme;11. milieu_gamme;12. haut_gamme;13. grand_cru;14. SatisPub;15. prixpub;16. Quest-ce_qui_vous_attires;17. Quest-ce_qui_vous_attires_Autre;18. FondPhoto;19. AppaGout;20. MondeouChinois;21. NouvoAncien;22. rougeblancautre;23. rougeblancautre_Autre;24. frequence;25. canaux_achat;26. canaux_achat_Autre;27. modivation;28. modivation_Autre;29. Quel_type_de_vin_buvez-vous_souvent;30. Quel_type_de_vin_buvez-vous_souven_Autre;31. LibreAmeliorer;32. CLE;33. DATE_SAISIE;34. DATE_ENREG;35. DATE_MODIF;36. TEMPS_SAISIE;37. ORIGINE_SAISIE;38. LANG_SAISIE;39. APPAREIL_SAISIE;40. PROGRESSION
1;Femme;;de 18 à 29 ans;学生;Région du Sud-ouest (Xi'nan);Non;;宁夏;法国;< RMB 100 (14,29€);< RMB 300 (42,86€);< RMB 300 (42,86€);milieu de gamme;Plutôt pas content;< ¥ 200 (28,57€);"Le prix;Les textes;La photo;Les paiements échelonnés";;Oui, j’avoue.;Non, je ne suis pas d’accord.;Oui, j’avoue.;Non, je ne suis pas d’accord.;Oui, j’avoue.;;Il y a quelques jours;"Taobao;Tmall";;"Achetez et buvez pour vous-même;Apprentissage et éducation;Cadeaux;Collection ou investissement";;"Vin rouge;Vin blanc;Vin liquoreux;Vin pétillant;Champagne;Vin rosé";;不错;5285-5F9R;14/03/2023 15:03:38;14/03/2023 15:07:54;;255,8977216;Direct;CN;Smartphone;Terminé
2;Homme;;de 18 à 29 ans;Étudiant;Région du Sud-ouest (Xi'nan);Je ne sais pas;;0;France;< RMB 50 (7,14€);< RMB 200 (28,57€);< RMB 300 (42,86€);milieu de gamme;Plûtot content;< ¥ 200 (28,57€);"Le prix;La photo;Les textes";;Oui, j’avoue.;Oui, j’avoue.;Oui, j’avoue.;Oui, j’avoue.;Oui, j’avoue.;;Il y a des semaine;Autre;Dans les boutiques;"Achetez et buvez pour vous-même;Cadeaux;Apprentissage et éducation;Collection ou investissement";;"Vin rouge;Vin blanc;Champagne;Vin rosé;Vin pétillant;Vin liquoreux";;;FCWE-3YGD;14/03/2023 15:13:00;14/03/2023 15:16:13;;192,7160005;Direct;FR;Smartphone;Terminé
3;Femme;;de 18 à 29 ans;程序员;Région du Sud-ouest (Xi'nan);Non;;0;法国;< RMB 200 (28,57€);< RMB 1000 (142,86€);< RMB 1000 (142,86€);milieu de gamme;Plûtot content;< ¥ 250 (35,71€);"La photo;Le prix;Les textes";;Non, je ne suis pas d’accord.;Oui, j’avoue.;Oui, j’avoue.;Je ne connais pas les concepts impliqués dans la question.;Non, je ne suis pas d’accord.;;Il y a quelques jours;"JD;Taobao;Tmall";;Achetez et buvez pour vous-même;;"Vin rouge;Champagne;Vin blanc;Vin liquoreux;Vin pétillant";;;KGDQ-KCML;14/03/2023 15:15:58;14/03/2023 15:19:03;;185,0366284;Direct;CN;Smartphone;Terminé
4;Femme;;de 18 à 29 ans;无业;Région du Nord (Huabei);Oui;;张裕;法国;< RMB 100 (14,29€);< RMB 300 (42,86€);< RMB 1000 (142,86€);milieu de gamme;Plutôt pas content;;"Le prix;Les textes";;Oui, j’avoue.;Non, je ne suis pas d’accord.;Oui, j’avoue.;Non, je ne suis pas d’accord.;Non, je ne suis pas d’accord.;;Hier, ou maintenant !;Autre;酒行;Achetez et buvez pour vous-même;;"Vin blanc;Vin rosé;Champagne";;;YFTX-RYMJ;14/03/2023 15:16:09;14/03/2023 15:19:18;;189,0613794;Direct;CN;Smartphone;Terminé
5;Homme;;de 30 à 39 ans;Sans emploi ;Région du Nord-Est (Dongbei);Non;;Shandong qingdao;France et Espagne ;< RMB 200 (28,57€);< RMB 500 (71,43€);< RMB 1000 (142,86€);milieu de gamme;Pas du tout;< ¥ 100 (14,29€);Autre;Emballage surtout ;Oui, j’avoue.;Non, je ne suis pas d’accord.;Oui, j’avoue.;Je ne connais pas les concepts impliqués dans la question.;Non, je ne suis pas d’accord.;;Il y a des semaine;Autre;Supermarché ;Autre;Pour moi même et aussi pour partager entre amis ;"Vin rouge;Vin rosé";;Pas de recommandation ;ZXU3-KNEJ;14/03/2023 15:13:54;14/03/2023 15:21:54;;479,7542412;Direct;FR;Smartphone;Terminé
6;Femme;;de 18 à 29 ans;自由职业;Région de l'Est (Huadong);Oui;;山东;法国;< RMB 100 (14,29€);< RMB 500 (71,43€);< RMB 500 (71,43€);haut de gamme;Plutôt pas content;< ¥ 500 (71,43€);"Le prix;La photo;Les textes;Les paiements échelonnés";;Oui, j’avoue.;Non, je ne suis pas d’accord.;Oui, j’avoue.;Oui, j’avoue.;Non, je ne suis pas d’accord.;;Il y a des semaine;"Taobao;JD;Tmall";;Collection ou investissement;;"Vin rouge;Vin blanc;Champagne;Vin rosé;Vin liquoreux;Vin pétillant";;;BTJ7-Z4ET;14/03/2023 15:18:34;14/03/2023 15:21:59;;204,3356738;Direct;CN;PC;Terminé
7;Femme;;de 30 à 39 ans;技术;Région du Sud-ouest (Xi'nan);Non;;宁夏;法国;< RMB 1000 (142,86€);< RMB 200 (28,57€);< RMB 500 (71,43€);milieu de gamme;Plutôt pas content;< ¥ 100 (14,29€);"Les textes;La photo;Le prix";;Non, je ne suis pas d’accord.;Non, je ne suis pas d’accord.;Oui, j’avoue.;Non, je ne suis pas d’accord.;Oui, j’avoue.;;Jamais;"JD;Tmall;Taobao";;Cadeaux;;Autre;不喝;;FFP7-ZWMP;14/03/2023 15:19:37;14/03/2023 15:23:32;;234,795209;Direct;CN;Smartphone;Terminé
8;Homme;;;学生;Région du Sud-ouest (Xi'nan);Non;;新疆;法国;< RMB 50 (7,14€);< RMB 200 (28,57€);< RMB 300 (42,86€);milieu de gamme;Pas du tout;< ¥ 100 (14,29€);Les textes;;Non, je ne suis pas d’accord.;Non, je ne suis pas d’accord.;Non, je ne suis pas d’accord.;Non, je ne suis pas d’accord.;Non, je ne suis pas d’accord.;;Il y a quelques jours;Autre;;Achetez et buvez pour vous-même;;Vin blanc;;很中国很社会;LD9Y-HUK7;14/03/2023 15:21:29;14/03/2023 15:25:01;;212,0475304;Direct;CN;Smartphone;Terminé
9;Femme;;de 18 à 29 ans;做鸭;Région de l'Est (Huadong);Non;;张欲解百纳;奔赴 BIN;< RMB 300 (42,86€);< RMB 200 (28,57€);< RMB 200 (28,57€);milieu de gamme;Pas du tout;< ¥ 150 (21,43€);Les paiements échelonnés;;Oui, j’avoue.;Oui, j’avoue.;Oui, j’avoue.;Non, je ne suis pas d’accord.;Oui, j’avoue.;;Il y a demi ans.;Autre;不撸帝;Cadeaux;;"Vin pétillant;Vin rouge";;㊗️朱老板生意兴隆;8YMM-R85W;14/03/2023 15:23:27;14/03/2023 15:27:00;;212,4763902;Direct;CN;Smartphone;Terminé
10;Homme;;de 40 à 49 ans;employee;Région de l'Est (Huadong);Non;;0;France;< RMB 200 (28,57€);< RMB 500 (71,43€);< RMB 1000 (142,86€);haut de gamme;Pas du tout;< ¥ 50 (7,14€);Autre;quality;Non, je ne suis pas d’accord.;Non, je ne suis pas d’accord.;Non, je ne suis pas d’accord.;Oui, j’avoue.;Non, je ne suis pas d’accord.;;Il y a des semaine;Autre;winestore ;"Achetez et buvez pour vous-même;Cadeaux";;"Vin rouge;Vin blanc;Vin pétillant";;;ETB8-JET5;14/03/2023 15:19:01;14/03/2023 15:27:37;;516,5286802;Direct;EN;Smartphone;Terminé
11;Femme;;50 ans ou plus;自由职业;Région du Nord (Huabei);Non;;张掖;波尔多;< RMB 200 (28,57€);< RMB 500 (71,43€);< RMB 1000 (142,86€);haut de gamme;Plutôt pas content;< ¥ 150 (21,43€);"La photo;Les textes;Le prix";;Oui, j’avoue.;Oui, j’avoue.;Oui, j’avoue.;Non, je ne suis pas d’accord.;Oui, j’avoue.;;Il y a quelques jours;Taobao;;Cadeaux;;"Vin blanc;Vin rouge";;整挺好;4AVN-HKZ6;14/03/2023 15:24:50;14/03/2023 15:27:39;;169,0952107;Direct;CN;Smartphone;Terminé
12;Femme;;de 18 à 29 ans;铁路;Région du Sud-ouest (Xi'nan);Je ne sais pas;;0;0;< RMB 100 (14,29€);< RMB 300 (42,86€);< RMB 300 (42,86€);milieu de gamme;Plutôt pas content;< ¥ 150 (21,43€);Autre;;Oui, j’avoue.;Oui, j’avoue.;Non, je ne suis pas d’accord.;Oui, j’avoue.;Autre;;Jamais;;;;;;;;Y8YK-R6EM;14/03/2023 15:25:21;14/03/2023 15:27:45;;144,3146948;Direct;CN;Smartphone;Terminé
13;Homme;;de 18 à 29 ans;财务;Région du Sud-ouest (Xi'nan);Non;;0;西班牙;< RMB 200 (28,57€);< RMB 500 (71,43€);< RMB 500 (71,43€);milieu de gamme;Plutôt pas content;< ¥ 150 (21,43€);"La photo;Le prix;Les textes;Les paiements échelonnés";;Oui, j’avoue.;Non, je ne suis pas d’accord.;Non, je ne suis pas d’accord.;Non, je ne suis pas d’accord.;Oui, j’avoue.;;Il y a un an ou plus que an ans.;"JD;Taobao";;"Cadeaux;Achetez et buvez pour vous-même";;"Vin rouge;Vin blanc";;;K98Y-84W8;14/03/2023 15:23:54;14/03/2023 15:28:13;;258,9466537;Direct;CN;Smartphone;Terminé
14;Femme;;de 18 à 29 ans;教育行业;Région de l'Est (Huadong);Je ne sais pas;;0;法国;< RMB 200 (28,57€);< RMB 500 (71,43€);< RMB 1000 (142,86€);milieu de gamme;Plutôt pas content;> ¥ 500 (71,43€);"Le prix;La photo;Les textes";;Oui, j’avoue.;Oui, j’avoue.;Oui, j’avoue.;Je ne connais pas les concepts impliqués dans la question.;Oui, j’avoue.;;Jamais;Taobao;;"Cadeaux;Collection ou investissement";;Vin rouge;;;H4D8-YJF6;14/03/2023 15:20:10;14/03/2023 15:29:33;;562,680383;Direct;CN;Smartphone;Terminé
15;Femme;;de 30 à 39 ans;体制内;Région de l'Est (Huadong);Oui;;烟台;法国;< RMB 200 (28,57€);< RMB 300 (42,86€);< RMB 1000 (142,86€);haut de gamme;Pas du tout;< ¥ 100 (14,29€);La photo;;Oui, j’avoue.;Oui, j’avoue.;Non, je ne suis pas d’accord.;Je ne connais pas les concepts impliqués dans la question.;Non, je ne suis pas d’accord.;;Il y a un an ou plus que an ans.;Taobao;;"Achetez et buvez pour vous-même;Cadeaux";;"Vin rouge;Vin liquoreux;Vin pétillant";;有0吗;5SCN-QZ4M;14/03/2023 15:13:20;14/03/2023 15:30:46;;1045,9562093;Direct;CN;Smartphone;Terminé
16;Femme;;de 30 à 39 ans;产品经理;Région du Sud-centre (Zhongnan);Non;;新疆吧;法国;< RMB 1000 (142,86€);< RMB 1000 (142,86€);< RMB 1000 (142,86€);milieu de gamme;Pas du tout;< ¥ 150 (21,43€);"Les textes;La photo";;Oui, j’avoue.;Oui, j’avoue.;Oui, j’avoue.;Oui, j’avoue.;Oui, j’avoue.;;Il y a des semaine;"JD;Taobao";;"Achetez et buvez pour vous-même;Collection ou investissement;Apprentissage et éducation";;"Vin rouge;Champagne;Vin pétillant";;送我两瓶法国红酒;4Z7D-YXD6;14/03/2023 15:27:14;14/03/2023 15:31:41;;266,8979223;Direct;CN;Smartphone;Terminé
17;Femme;;de 30 à 39 ans;government ;Région du Nord-Est (Dongbei);Je ne sais pas;;0;法国;< RMB 200 (28,57€);< RMB 300 (42,86€);< RMB 1000 (142,86€);haut de gamme;Plutôt pas content;< ¥ 200 (28,57€);Le prix;;Non, je ne suis pas d’accord.;Non, je ne suis pas d’accord.;Non, je ne suis pas d’accord.;Je ne connais pas les concepts impliqués dans la question.;Non, je ne suis pas d’accord.;;Il y a un an ou plus que an ans.;Autre;有人送;Cadeaux;;Vin rouge;;松宝加油;RRYJ-F63S;14/03/2023 15:27:52;14/03/2023 15:32:20;;268,7936799;Direct;CN;Smartphone;Terminé
18;Femme;;de 18 à 29 ans;student;Région du Sud-ouest (Xi'nan);Non;;0;比利时;< RMB 200 (28,57€);< RMB 500 (71,43€);< RMB 1000 (142,86€);Bas de gamme;Plutôt pas content;< ¥ 200 (28,57€);Le prix;;Non, je ne suis pas d’accord.;Non, je ne suis pas d’accord.;Non, je ne suis pas d’accord.;Oui, j’avoue.;Non, je ne suis pas d’accord.;;Il y a des semaine;"Taobao;Tmall;TikTok";;"Achetez et buvez pour vous-même;Cadeaux";;"Vin rouge;Vin blanc;Champagne;Vin liquoreux";;;7RD5-8UDS;14/03/2023 15:31:07;14/03/2023 15:33:34;;147,1147101;Direct;CN;Smartphone;Terminé
19;Femme;;de 18 à 29 ans;博士在读;Région de l'Est (Huadong);Non;;0 反问一下 国宝第一想法是大熊猫 然后就会觉得是稀少为主 感觉和葡萄酒一起冠名有点奇怪哦;法国 而且第一印象是红酒;< RMB 50 (7,14€);< RMB 100 (14,29€);< RMB 500 (71,43€);Bas de gamme;Pas du tout;< ¥ 100 (14,29€);"La photo;Le prix;Les textes;Autre";看起来还算真的进口？;Oui, j’avoue.;Oui, j’avoue.;Oui, j’avoue.;Je ne connais pas les concepts impliqués dans la question.;Non, je ne suis pas d’accord.;;Hier, ou maintenant !;Autre;我在法国，Nicola或者超市买;"Achetez et buvez pour vous-même;Apprentissage et éducation";;"Vin blanc;Vin liquoreux;Champagne";;那个第一张图的酒瓶子实在是太土了 我觉得配字或许加上原产国文字会更好一点 因为中文一起看起来更土;UUYJ-M84D;14/03/2023 15:30:46;14/03/2023 15:39:43;;536,6875177;Direct;CN;PC;Terminé
20;Femme;;de 18 à 29 ans;学生;Région de l'Est (Huadong);Non;;宁夏;法国;< RMB 200 (28,57€);< RMB 500 (71,43€);< RMB 1000 (142,86€);haut de gamme;Tout à fait;< ¥ 500 (71,43€);"La photo;Le prix";;Oui, j’avoue.;Oui, j’avoue.;Oui, j’avoue.;Non, je ne suis pas d’accord.;Oui, j’avoue.;;Hier, ou maintenant !;Wechat;;"Cadeaux;Achetez et buvez pour vous-même";;"Vin rouge;Vin blanc";;很好;LP4G-HD9Q;14/03/2023 15:35:41;14/03/2023 15:40:06;;264,7763928;Direct;CN;Smartphone;Terminé
21;Homme;;de 18 à 29 ans;Translation;Région du Sud-ouest (Xi'nan);Je ne sais pas;;Xingjiang;Italy;< RMB 100 (14,29€);< RMB 300 (42,86€);< RMB 1000 (142,86€);milieu de gamme;Plutôt pas content;< ¥ 250 (35,71€);La photo;;Oui, j’avoue.;Non, je ne suis pas d’accord.;Non, je ne suis pas d’accord.;Je ne connais pas les concepts impliqués dans la question.;Non, je ne suis pas d’accord.;;Il y a des semaine;"Taobao;JD;Tmall";;Achetez et buvez pour vous-même;;"Vin pétillant;Vin liquoreux";;0;PPAW-TSRY;14/03/2023 15:38:05;14/03/2023 15:43:12;;306,8835765;Direct;EN;Smartphone;Terminé
22;Femme;;de 18 à 29 ans;Étudiant ;Région du Sud-ouest (Xi'nan);Non;;新疆;法国;< RMB 200 (28,57€);< RMB 500 (71,43€);< RMB 1000 (142,86€);milieu de gamme;Pas du tout;< ¥ 150 (21,43€);"Les textes;La photo;Le prix";;Oui, j’avoue.;Oui, j’avoue.;Oui, j’avoue.;Je ne connais pas les concepts impliqués dans la question.;Oui, j’avoue.;;Il y a quelques jours;Autre;朋友带的 超市;"Achetez et buvez pour vous-même;Cadeaux";;"Vin rouge;Champagne";;你这问卷第二页就说快结束了，这不是欺骗吗。还有那个啥列什么酒庄不懂呢;4LV6-69JY;14/03/2023 15:37:51;14/03/2023 15:47:28;;577,2497057;Direct;CN;Smartphone;Terminé
23;Femme;;de 18 à 29 ans;打工人;Région de l'Est (Huadong);Non;;宁夏;法国;< RMB 200 (28,57€);< RMB 500 (71,43€);< RMB 1000 (142,86€);haut de gamme;Plûtot content;< ¥ 250 (35,71€);La photo;;Oui, j’avoue.;Non, je ne suis pas d’accord.;Oui, j’avoue.;Non, je ne suis pas d’accord.;Non, je ne suis pas d’accord.;;Hier, ou maintenant !;"JD;Autre";直接去酒庄买;"Collection ou investissement;Achetez et buvez pour vous-même";;"Vin rouge;Vin blanc;Vin liquoreux;Vin pétillant";;;X8CF-JE5U;14/03/2023 15:46:59;14/03/2023 15:51:45;;286,3025552;Direct;CN;Smartphone;Terminé
24;Homme;;de 18 à 29 ans;学生;Région de l'Est (Huadong);Non;;贵州;法国;< RMB 100 (14,29€);< RMB 500 (71,43€);< RMB 1000 (142,86€);haut de gamme;Plûtot content;< ¥ 150 (21,43€);La photo;;Oui, j’avoue.;Non, je ne suis pas d’accord.;Non, je ne suis pas d’accord.;Je ne connais pas les concepts impliqués dans la question.;Non, je ne suis pas d’accord.;;Hier, ou maintenant !;Autre;法国超市;"Cadeaux;Achetez et buvez pour vous-même";;"Vin blanc;Vin rosé;Champagne;Vin liquoreux;Vin pétillant";;;7ADM-29BY;14/03/2023 15:49:05;14/03/2023 15:52:41;;216,2952987;Direct;CN;Tablette;Terminé
25;Femme;;50 ans ou plus;商人;Région de l'Est (Huadong);Non;;宁夏;法国;< RMB 200 (28,57€);< RMB 200 (28,57€);< RMB 300 (42,86€);milieu de gamme;Plutôt pas content;< ¥ 150 (21,43€);Autre;不没有特点;Oui, j’avoue.;Non, je ne suis pas d’accord.;Oui, j’avoue.;Oui, j’avoue.;Non, je ne suis pas d’accord.;;Hier, ou maintenant !;"JD;Wechat";;Achetez et buvez pour vous-même;;"Vin rouge;Vin blanc;Vin liquoreux";;做个公众号，关注者有小利，合作者有大利;Q4Z2-SMNM;14/03/2023 15:42:46;14/03/2023 15:53:40;;654,1115067;Direct;CN;Smartphone;Terminé
26;Femme;;;学生;Région de l'Est (Huadong);Non;;0;法国;< RMB 100 (14,29€);< RMB 300 (42,86€);< RMB 500 (71,43€);haut de gamme;Plutôt pas content;< ¥ 150 (21,43€);"La photo;Le prix;Les textes;Les paiements échelonnés";;Oui, j’avoue.;Oui, j’avoue.;Oui, j’avoue.;Non, je ne suis pas d’accord.;Autre;各有特色;Il y a des semaine;Autre;特殊渠道;"Apprentissage et éducation;Collection ou investissement;Achetez et buvez pour vous-même;Cadeaux";;"Vin rouge;Vin blanc";;;6KDX-9RAZ;14/03/2023 15:49:39;14/03/2023 15:54:49;;309,7689631;Direct;CN;PC;Terminé
27;Homme;;de 18 à 29 ans;学生;Région du Nord (Huabei);Oui;;山东;波尔多;< RMB 100 (14,29€);< RMB 300 (42,86€);< RMB 300 (42,86€);haut de gamme;Plûtot content;< ¥ 150 (21,43€);"La photo;Les textes;Le prix;Les paiements échelonnés;Autre";;Oui, j’avoue.;Non, je ne suis pas d’accord.;Oui, j’avoue.;Non, je ne suis pas d’accord.;Non, je ne suis pas d’accord.;;Hier, ou maintenant !;Autre;欧尚;Achetez et buvez pour vous-même;;"Vin blanc;Vin liquoreux;Vin pétillant;Vin rouge";;问卷的文本输入框太窄了，看不清;DF3S-82HN;14/03/2023 15:53:46;14/03/2023 15:58:40;;294,0619921;Direct;CN;Smartphone;Terminé
28;Homme;;de 18 à 29 ans;学生;Région du Nord-Est (Dongbei);Non;;宁夏？;法国;< RMB 100 (14,29€);< RMB 200 (28,57€);< RMB 1000 (142,86€);haut de gamme;Plutôt pas content;< ¥ 150 (21,43€);Le prix;;Oui, j’avoue.;Non, je ne suis pas d’accord.;Oui, j’avoue.;Je ne connais pas les concepts impliqués dans la question.;Non, je ne suis pas d’accord.;;Il y a quelques jours;Autre;法国线下商店;"Achetez et buvez pour vous-même;Collection ou investissement";;"Vin blanc;Vin rouge";;挺好滴;TKN3-2WHA;14/03/2023 16:02:57;14/03/2023 16:06:13;;196,1827328;Direct;CN;PC;Terminé
29;Femme;;de 18 à 29 ans;学生;Région du Nord (Huabei);Je ne sais pas;;甘肃;葡萄牙;< RMB 100 (14,29€);< RMB 300 (42,86€);< RMB 1000 (142,86€);milieu de gamme;Pas du tout;< ¥ 200 (28,57€);La photo;;Non, je ne suis pas d’accord.;Non, je ne suis pas d’accord.;Non, je ne suis pas d’accord.;Oui, j’avoue.;Non, je ne suis pas d’accord.;;Il y a quelques jours;Autre;实体店;Achetez et buvez pour vous-même;;Vin blanc;;;5SBB-3MZB;14/03/2023 16:07:58;14/03/2023 16:10:45;;166,4831969;Direct;CN;Smartphone;Terminé
30;Homme;;de 18 à 29 ans;学生;Région de l'Est (Huadong);Oui;;宁夏;法国;< RMB 100 (14,29€);< RMB 300 (42,86€);;milieu de gamme;Pas du tout;< ¥ 100 (14,29€);La photo;;Non, je ne suis pas d’accord.;Non, je ne suis pas d’accord.;Non, je ne suis pas d’accord.;Non, je ne suis pas d’accord.;Non, je ne suis pas d’accord.;;Il y a quelques jours;Autre;在酒庄购买;"Achetez et buvez pour vous-même;Cadeaux;Apprentissage et éducation";;"Vin rouge;Vin blanc;Vin rosé;Champagne;Vin liquoreux;Vin pétillant";;在基本信息调查完之后，可以通过设置一个“请问是葡萄酒业内人士还是业外人士”的问题，将问卷调查者进行分类，根据结果也自动匹配后面不同专业度的问题;GW6U-BHZ3;14/03/2023 16:04:35;14/03/2023 16:10:52;;377,2722886;Direct;CN;Smartphone;Terminé
31;Homme;;de 18 à 29 ans;学生;Région du Sud-centre (Zhongnan);Non;;张裕解百纳 不知道是哪的;法国;< RMB 1000 (142,86€);< RMB 300 (42,86€);< RMB 500 (71,43€);haut de gamme;Plûtot content;< ¥ 250 (35,71€);La photo;;Non, je ne suis pas d’accord.;Non, je ne suis pas d’accord.;Oui, j’avoue.;Non, je ne suis pas d’accord.;Non, je ne suis pas d’accord.;;Il y a des semaine;"Wechat;Taobao;Autre";线下购买;Achetez et buvez pour vous-même;;"Vin liquoreux;Champagne;Vin rouge;Vin blanc";;有些问题的设置和中文翻译有些奇怪，除此之外都很好！！;R7GB-DDPQ;14/03/2023 16:04:40;14/03/2023 16:12:45;;484,9402656;Direct;CN;Smartphone;Terminé
32;Femme;;de 18 à 29 ans;学生;Région de l'Est (Huadong);Non;;新疆;法国;< RMB 100 (14,29€);< RMB 200 (28,57€);< RMB 300 (42,86€);haut de gamme;Plûtot content;< ¥ 150 (21,43€);"La photo;Le prix";;Oui, j’avoue.;Non, je ne suis pas d’accord.;Oui, j’avoue.;Oui, j’avoue.;Non, je ne suis pas d’accord.;;Il y a des semaine;Wechat;;Achetez et buvez pour vous-même;;Vin liquoreux;;;UX49-KT7X;14/03/2023 16:07:27;14/03/2023 16:16:57;;570,200149;Direct;CN;Tablette;Terminé
33;Femme;;de 18 à 29 ans;Étudiante ;Etrangers;Non;Europe;0;France ;< RMB 50 (7,14€);< RMB 300 (42,86€);< RMB 1000 (142,86€);haut de gamme;Plûtot content;< ¥ 500 (71,43€);"La photo;Les textes";;Oui, j’avoue.;Non, je ne suis pas d’accord.;;;Non, je ne suis pas d’accord.;;Il y a quelques jours;;;Autre;Dans les bars ;"Vin blanc;Vin pétillant;Champagne";;;TMFB-93HX;14/03/2023 16:15:42;14/03/2023 16:18:56;;193,3978765;Direct;FR;Smartphone;Terminé
34;Homme;;de 18 à 29 ans;学生;Région de l'Est (Huadong);Non;;0;法国;< RMB 200 (28,57€);< RMB 500 (71,43€);< RMB 1000 (142,86€);milieu de gamme;Plutôt pas content;< ¥ 250 (35,71€);"Les textes;Les paiements échelonnés";;Oui, j’avoue.;Non, je ne suis pas d’accord.;Oui, j’avoue.;Je ne connais pas les concepts impliqués dans la question.;Oui, j’avoue.;;Il y a un an ou plus que an ans.;Autre;不买;Achetez et buvez pour vous-même;;Vin rouge;;;AU7Z-VXYY;14/03/2023 16:10:55;14/03/2023 16:19:11;;496,086827;Direct;CN;Smartphone;Terminé
35;Femme;;de 18 à 29 ans;学生;Région du Sud-centre (Zhongnan);Non;;0;波尔多;< RMB 100 (14,29€);< RMB 500 (71,43€);< RMB 1000 (142,86€);haut de gamme;Plûtot content;;La photo;;Oui, j’avoue.;Non, je ne suis pas d’accord.;Oui, j’avoue.;Oui, j’avoue.;Oui, j’avoue.;;Il y a des mois;Taobao;;Achetez et buvez pour vous-même;;Vin rouge;;;YNK2-VHWS;14/03/2023 16:22:07;14/03/2023 16:25:42;;214,6326633;Direct;CN;Smartphone;Terminé
36;Homme;;de 18 à 29 ans;学生;Région du Nord-Est (Dongbei);Non;;0;法国;< RMB 200 (28,57€);< RMB 500 (71,43€);< RMB 1000 (142,86€);milieu de gamme;Plutôt pas content;< ¥ 150 (21,43€);Le prix;;Oui, j’avoue.;Non, je ne suis pas d’accord.;Non, je ne suis pas d’accord.;Je ne connais pas les concepts impliqués dans la question.;Non, je ne suis pas d’accord.;;Il y a des mois;Autre;超市;Achetez et buvez pour vous-même;;"Vin blanc;Vin liquoreux";;;X9LS-RUKQ;14/03/2023 16:33:26;14/03/2023 16:39:27;;360,638267;Direct;CN;Smartphone;Terminé
37;Homme;;50 ans ou plus;退休;Région du Sud-centre (Zhongnan);Non;;新疆;法国;< RMB 200 (28,57€);< RMB 500 (71,43€);< RMB 500 (71,43€);Bas de gamme;Plutôt pas content;< ¥ 200 (28,57€);La photo;;Non, je ne suis pas d’accord.;Non, je ne suis pas d’accord.;Oui, j’avoue.;Non, je ne suis pas d’accord.;Non, je ne suis pas d’accord.;;Il y a des mois;"Wechat;Tmall;JD";;"Achetez et buvez pour vous-même;Collection ou investissement";;"Vin rouge;Vin blanc";;选项的翻译可以具体再做对应的更改，意思正确更好;FLY2-3KE9;14/03/2023 16:33:10;14/03/2023 16:39:49;;398,2589864;Direct;CN;Smartphone;Terminé
38;Homme;;de 18 à 29 ans;退休;Région du Sud-centre (Zhongnan);Non;;新疆;法国;< RMB 100 (14,29€);< RMB 200 (28,57€);< RMB 200 (28,57€);milieu de gamme;Plûtot content;< ¥ 100 (14,29€);Le prix;;Oui, j’avoue.;Non, je ne suis pas d’accord.;Non, je ne suis pas d’accord.;Je ne connais pas les concepts impliqués dans la question.;Oui, j’avoue.;;Il y a des semaine;Autre;托人帮买;Achetez et buvez pour vous-même;;Vin rouge;;有些问题不怎么理解;H36R-3QVW;14/03/2023 16:36:15;14/03/2023 16:47:17;;661,525018;Direct;CN;Smartphone;Terminé
39;Homme;;de 40 à 49 ans;葡萄酒出口;Région du Sud-ouest (Xi'nan);Non;;宁夏;法国;< RMB 50 (7,14€);< RMB 200 (28,57€);< RMB 1000 (142,86€);haut de gamme;Plûtot content;< ¥ 200 (28,57€);"Le prix;La photo;Les textes;Les paiements échelonnés;Autre";;Oui, j’avoue.;Non, je ne suis pas d’accord.;Oui, j’avoue.;Non, je ne suis pas d’accord.;Non, je ne suis pas d’accord.;;Il y a demi ans.;Wechat;;Achetez et buvez pour vous-même;;Vin rouge;;;G2F9-AVRC;14/03/2023 16:45:37;14/03/2023 16:47:44;;127,2884764;Direct;CN;Smartphone;Terminé
40;Homme;;de 30 à 39 ans;Vin;Région du Nord (Huabei);Oui;;Français ;Francais;< RMB 200 (28,57€);< RMB 300 (42,86€);< RMB 1000 (142,86€);haut de gamme;Tout à fait;< ¥ 200 (28,57€);"Le prix;La photo;Les textes;Les paiements échelonnés;Autre";;Oui, j’avoue.;Oui, j’avoue.;Oui, j’avoue.;Oui, j’avoue.;Oui, j’avoue.;;Hier, ou maintenant !;Wechat;;Achetez et buvez pour vous-même;;"Vin rouge;Vin rosé;Vin blanc;Champagne;Vin liquoreux;Vin pétillant;Autre";;0;DPPA-7G8U;14/03/2023 16:47:54;14/03/2023 16:50:22;;148,3452707;Direct;FR;Smartphone;Terminé
41;Femme;;de 18 à 29 ans;学生;Région de l'Est (Huadong);Non;;0;法国;< RMB 300 (42,86€);< RMB 500 (71,43€);< RMB 300 (42,86€);milieu de gamme;Plûtot content;< ¥ 150 (21,43€);"La photo;Les textes";;Oui, j’avoue.;Non, je ne suis pas d’accord.;Oui, j’avoue.;Oui, j’avoue.;Non, je ne suis pas d’accord.;;Il y a des semaine;Taobao;;"Achetez et buvez pour vous-même;Apprentissage et éducation";;"Vin rouge;Vin blanc;Vin rosé;Vin pétillant;Champagne";;做得不错，继续努力！;2AJ3-Y4GP;14/03/2023 16:51:34;14/03/2023 16:54:16;;161,9154713;Direct;CN;PC;Terminé
42;Homme;;de 18 à 29 ans;老师;Région de l'Est (Huadong);Je ne sais pas;Asie de l'Est;0;法国;< RMB 100 (14,29€);< RMB 200 (28,57€);< RMB 1000 (142,86€);haut de gamme;Tout à fait;< ¥ 200 (28,57€);La photo;;Oui, j’avoue.;Non, je ne suis pas d’accord.;Oui, j’avoue.;Non, je ne suis pas d’accord.;Non, je ne suis pas d’accord.;;Il y a quelques jours;Autre;超市;Autre;需要庆祝的场合;"Vin liquoreux;Vin rouge;Vin blanc;Champagne";;很好！;F7VZ-96ST;14/03/2023 16:51:29;14/03/2023 16:56:58;;328,6607447;Direct;CN;Smartphone;Terminé
43;Femme;;de 18 à 29 ans;Étudiant ;Etrangers;Non;Europe;0;Italie;< RMB 100 (14,29€);< RMB 300 (42,86€);< RMB 1000 (142,86€);milieu de gamme;Plûtot content;< ¥ 500 (71,43€);La photo;;Oui, j’avoue.;Non, je ne suis pas d’accord.;Oui, j’avoue.;Non, je ne suis pas d’accord.;Non, je ne suis pas d’accord.;;Il y a des semaine;Autre;Je n’ai pas compris ;Achetez et buvez pour vous-même;;Vin blanc;;Améliorer un peu le français écrit, ce n’est pas toujours très compréhensible, les images sont écrites en chinois donc pas compréhensible non plus des français  ;DT23-ZU6N;14/03/2023 16:53:54;14/03/2023 16:59:35;;340,6902387;Direct;FR;Smartphone;Terminé
44;Femme;;de 18 à 29 ans;学生;Région du Nord-Est (Dongbei);Non;;新疆;法国;< RMB 200 (28,57€);< RMB 300 (42,86€);< RMB 1000 (142,86€);milieu de gamme;Plûtot content;> ¥ 500 (71,43€);"La photo;Le prix";;Oui, j’avoue.;Oui, j’avoue.;Non, je ne suis pas d’accord.;Je ne connais pas les concepts impliqués dans la question.;Oui, j’avoue.;;Il y a des semaine;"Taobao;Wechat";;"Cadeaux;Achetez et buvez pour vous-même";;"Vin rouge;Champagne;Vin liquoreux;Vin pétillant";;因为背景原因文字颜色可以再明显一点;VTSD-FD4D;14/03/2023 16:41:43;14/03/2023 17:01:07;;1163,758107;Direct;CN;Smartphone;Terminé
45;Femme;;de 18 à 29 ans;Études de master LAI événementiel à Bordeaux ;Etrangers;Non;Europe;0;France ;< RMB 100 (14,29€);< RMB 300 (42,86€);< RMB 1000 (142,86€);milieu de gamme;Tout à fait;< ¥ 500 (71,43€);"La photo;Les textes";;Oui, j’avoue.;Oui, j’avoue.;Non, je ne suis pas d’accord.;Je ne connais pas les concepts impliqués dans la question.;Oui, j’avoue.;;Il y a des semaine;Autre;Supermarché ;Achetez et buvez pour vous-même;;"Vin rouge;Vin blanc;Vin pétillant";;;ZQKY-YH59;14/03/2023 17:08:56;14/03/2023 17:13:00;;244,0814085;Direct;FR;Smartphone;Terminé
46;Femme;;de 18 à 29 ans;学生;Région de l'Est (Huadong);Non;;0;0;< RMB 100 (14,29€);< RMB 100 (14,29€);< RMB 100 (14,29€);Bas de gamme;Pas du tout;< ¥ 150 (21,43€);Le prix;;Oui, j’avoue.;Oui, j’avoue.;Oui, j’avoue.;Non, je ne suis pas d’accord.;Non, je ne suis pas d’accord.;;Il y a des mois;QQ;;Cadeaux;;Vin rouge;;;K2QU-3FX9;14/03/2023 17:15:38;14/03/2023 17:18:36;;178,1902773;Direct;CN;PC;Terminé
47;Homme;;de 18 à 29 ans;研究生;Région de l'Est (Huadong);Non;;0;法国;< RMB 500 (71,43€);< RMB 1000 (142,86€);< RMB 1000 (142,86€);milieu de gamme;Pas du tout;< ¥ 200 (28,57€);Les textes;;Oui, j’avoue.;Non, je ne suis pas d’accord.;Oui, j’avoue.;Je ne connais pas les concepts impliqués dans la question.;Autre;我不喝酒;Jamais;Autre;不喝！;Cadeaux;;Autre;不喝！;;77SB-5HFR;14/03/2023 17:16:38;14/03/2023 17:19:30;;172,6484046;Direct;CN;Smartphone;Terminé
48;Homme;;de 18 à 29 ans;学生;Région du Nord-ouest (Xibei);Oui;;新疆;法国;< RMB 100 (14,29€);< RMB 200 (28,57€);< RMB 300 (42,86€);milieu de gamme;Plutôt pas content;< ¥ 100 (14,29€);Les textes;;Oui, j’avoue.;Oui, j’avoue.;Non, je ne suis pas d’accord.;Je ne connais pas les concepts impliqués dans la question.;Non, je ne suis pas d’accord.;;Il y a des semaine;Autre;;Achetez et buvez pour vous-même;;"Vin rouge;Vin blanc;Vin liquoreux";;;BL7Y-BNEN;14/03/2023 17:23:10;14/03/2023 17:25:28;;138,3567252;Direct;CN;Smartphone;Terminé
49;Femme;;de 30 à 39 ans;待业;Région du Nord-ouest (Xibei);Oui;;山东;法国;< RMB 100 (14,29€);< RMB 200 (28,57€);< RMB 300 (42,86€);haut de gamme;Pas du tout;< ¥ 100 (14,29€);Le prix;;Non, je ne suis pas d’accord.;Oui, j’avoue.;Oui, j’avoue.;Non, je ne suis pas d’accord.;Oui, j’avoue.;;Il y a des semaine;Autre;;"Achetez et buvez pour vous-même;Cadeaux";;"Vin rouge;Vin blanc";;;4QKL-PSQB;14/03/2023 17:29:20;14/03/2023 17:32:09;;169,1186832;Direct;CN;PC;Terminé
50;Femme;;de 18 à 29 ans;Étudiant;Etrangers;Oui;Europe;0;France;< RMB 50 (7,14€);< RMB 200 (28,57€);< RMB 500 (71,43€);haut de gamme;Plutôt pas content;< ¥ 50 (7,14€);"Le prix;La photo";;Non, je ne suis pas d’accord.;Non, je ne suis pas d’accord.;Oui, j’avoue.;Non, je ne suis pas d’accord.;Oui, j’avoue.;;Hier, ou maintenant !;;;"Achetez et buvez pour vous-même;Apprentissage et éducation";;"Vin rouge;Vin pétillant;Vin blanc";;;KQHG-J62F;14/03/2023 17:31:13;14/03/2023 17:42:04;;650,623988;Direct;FR;Smartphone;Terminé
51;Homme;;de 18 à 29 ans;学生;Région du Sud-ouest (Xi'nan);Non;;长城;saint emillion;< RMB 100 (14,29€);< RMB 300 (42,86€);< RMB 500 (71,43€);milieu de gamme;Plutôt pas content;< ¥ 200 (28,57€);La photo;;Non, je ne suis pas d’accord.;Non, je ne suis pas d’accord.;Oui, j’avoue.;Je ne connais pas les concepts impliqués dans la question.;Autre;都好喝;Il y a quelques jours;Autre;cave;Achetez et buvez pour vous-même;;Vin rouge;;;6ESM-JFUS;14/03/2023 17:40:35;14/03/2023 17:42:54;;138,8755394;Direct;CN;Smartphone;Terminé
52;Femme;;de 18 à 29 ans;;Région du Sud-centre (Zhongnan);Je ne sais pas;;0;法国;< RMB 100 (14,29€);< RMB 300 (42,86€);< RMB 500 (71,43€);milieu de gamme;Plûtot content;< ¥ 200 (28,57€);"La photo;Le prix;Les textes";;Oui, j’avoue.;Non, je ne suis pas d’accord.;Oui, j’avoue.;Non, je ne suis pas d’accord.;Oui, j’avoue.;;Il y a quelques jours;Autre;超市，现居法国;"Achetez et buvez pour vous-même;Apprentissage et éducation";;"Vin blanc;Vin rouge";;;9KKM-YUDC;14/03/2023 17:51:35;14/03/2023 17:55:41;;245,4248994;Direct;CN;Smartphone;Terminé
53;Homme;;de 30 à 39 ans;博士后;Région du Sud-ouest (Xi'nan);Non;;0;法国;< RMB 300 (42,86€);< RMB 200 (28,57€);< RMB 500 (71,43€);milieu de gamme;Plutôt pas content;< ¥ 200 (28,57€);La photo;;Oui, j’avoue.;Non, je ne suis pas d’accord.;Oui, j’avoue.;Je ne connais pas les concepts impliqués dans la question.;Non, je ne suis pas d’accord.;;Il y a quelques jours;Autre;;Achetez et buvez pour vous-même;;"Vin rouge;Vin blanc;Champagne";;加油;LU2K-TFMT;14/03/2023 17:53:03;14/03/2023 17:56:29;;206,5752296;Direct;CN;Smartphone;Terminé
54;;;de 18 à 29 ans;学生;Région du Sud-centre (Zhongnan);Non;;0;法国;;< RMB 300 (42,86€);< RMB 500 (71,43€);milieu de gamme;Plutôt pas content;< ¥ 250 (35,71€);"La photo;Les textes";;Oui, j’avoue.;Non, je ne suis pas d’accord.;Non, je ne suis pas d’accord.;Je ne connais pas les concepts impliqués dans la question.;Non, je ne suis pas d’accord.;;Il y a un an ou plus que an ans.;Autre;家里买的;Achetez et buvez pour vous-même;;"Vin liquoreux;Vin pétillant";;;PJVZ-MCN5;14/03/2023 18:00:51;14/03/2023 18:04:21;;209,9625016;Direct;CN;Smartphone;Terminé
55;Homme;;de 18 à 29 ans;行政;Région de l'Est (Huadong);Non;;0;法国;;< RMB 200 (28,57€);< RMB 300 (42,86€);milieu de gamme;Plutôt pas content;< ¥ 200 (28,57€);"La photo;Les textes";;Oui, j’avoue.;Non, je ne suis pas d’accord.;Oui, j’avoue.;Je ne connais pas les concepts impliqués dans la question.;Non, je ne suis pas d’accord.;;Il y a demi ans.;Autre;超市;Achetez et buvez pour vous-même;;"Vin rosé;Champagne;Vin pétillant";;;XGHD-HFXP;14/03/2023 18:21:58;14/03/2023 18:25:20;;202,046155;Direct;CN;Smartphone;Terminé
56;Femme;;de 18 à 29 ans;学生;Région du Nord (Huabei);Oui;;八达岭张裕葡萄酒;法国;< RMB 100 (14,29€);< RMB 300 (42,86€);;milieu de gamme;Plûtot content;< ¥ 250 (35,71€);"Le prix;Les textes;La photo;Les paiements échelonnés";;Oui, j’avoue.;Non, je ne suis pas d’accord.;Oui, j’avoue.;Oui, j’avoue.;Autre;都好喝;Il y a quelques jours;Autre;线下;"Collection ou investissement;Cadeaux;Achetez et buvez pour vous-même;Apprentissage et éducation";;"Vin rouge;Vin rosé;Champagne;Vin liquoreux;Vin pétillant;Vin blanc";;挺dei劲er;2L4A-9TQJ;14/03/2023 18:36:56;14/03/2023 18:41:07;;251,0010556;Direct;CN;PC;Terminé
57;Homme;;de 18 à 29 ans;学生;Région du Nord (Huabei);Oui;;长城干红;法国;< RMB 200 (28,57€);< RMB 500 (71,43€);< RMB 300 (42,86€);milieu de gamme;Plutôt pas content;< ¥ 150 (21,43€);Le prix;;Oui, j’avoue.;Non, je ne suis pas d’accord.;Oui, j’avoue.;Non, je ne suis pas d’accord.;Non, je ne suis pas d’accord.;;Il y a des semaine;Autre;超市;Achetez et buvez pour vous-même;;Vin rosé;;;JL3X-3Y9V;14/03/2023 18:50:14;14/03/2023 18:53:08;;173,2846044;Direct;CN;Smartphone;Terminé
58;Homme;;de 40 à 49 ans;公司员工;Région du Sud-ouest (Xi'nan);Non;;长城干红;拉菲;< RMB 100 (14,29€);< RMB 300 (42,86€);< RMB 1000 (142,86€);milieu de gamme;Plûtot content;< ¥ 200 (28,57€);"La photo;Le prix";;Non, je ne suis pas d’accord.;Non, je ne suis pas d’accord.;Oui, j’avoue.;Je ne connais pas les concepts impliqués dans la question.;Non, je ne suis pas d’accord.;;Il y a quelques jours;Autre;朋友;"Cadeaux;Achetez et buvez pour vous-même";;"Vin rouge;Vin blanc";;;H28Y-QAK8;14/03/2023 19:00:41;14/03/2023 19:09:50;;549,4801667;Direct;CN;Smartphone;Terminé
59;Femme;;de 30 à 39 ans;Professeur de français ;Région de l'Est (Huadong);Non;;Ningxia;France;< RMB 100 (14,29€);< RMB 200 (28,57€);< RMB 300 (42,86€);haut de gamme;Plutôt pas content;< ¥ 150 (21,43€);Le prix;;Non, je ne suis pas d’accord.;Non, je ne suis pas d’accord.;Oui, j’avoue.;Je ne connais pas les concepts impliqués dans la question.;Non, je ne suis pas d’accord.;;Il y a quelques jours;Autre;;"Cadeaux;Achetez et buvez pour vous-même";;"Vin blanc;Vin rouge;Champagne";;L’enquête bien conçue, mais il serait plus intéressant de poser des questions sur l’occasion de consommation et la psychologie de consommation.;8BXL-Y6VZ;14/03/2023 19:22:07;14/03/2023 19:41:07;;1139,9748239;Direct;FR;Tablette;Terminé
60;Homme;;de 18 à 29 ans;学生;Région du Centre (Huazhong);Non;;0;法国;< RMB 200 (28,57€);< RMB 300 (42,86€);< RMB 1000 (142,86€);milieu de gamme;Plutôt pas content;< ¥ 150 (21,43€);Les textes;;Oui, j’avoue.;Non, je ne suis pas d’accord.;Oui, j’avoue.;Je ne connais pas les concepts impliqués dans la question.;Autre;桃红嘿嘿;Il y a des semaine;"Taobao;Autre";超市;Achetez et buvez pour vous-même;;"Vin pétillant;Vin liquoreux";;;KSZT-8YAY;14/03/2023 20:02:58;14/03/2023 20:07:37;;279,045736;Direct;CN;Smartphone;Terminé
61;Homme;;de 40 à 49 ans;花瓶;Région de l'Est (Huadong);Non;;五粮液;法国;< RMB 200 (28,57€);< RMB 300 (42,86€);< RMB 1000 (142,86€);Bas de gamme;Plutôt pas content;< ¥ 100 (14,29€);"Le prix;La photo;Les textes;Les paiements échelonnés";;Non, je ne suis pas d’accord.;Non, je ne suis pas d’accord.;Oui, j’avoue.;Non, je ne suis pas d’accord.;Non, je ne suis pas d’accord.;;Il y a quelques jours;Tmall;;Achetez et buvez pour vous-même;;"Vin blanc;Vin rouge;Champagne;Vin rosé;Vin pétillant";;名字确实有点奇怪;R6FD-ASTE;14/03/2023 20:27:27;14/03/2023 20:38:15;;648,1733075;Direct;CN;Smartphone;Terminé
62;Femme;;de 18 à 29 ans;Étudiante ;Région de l'Est (Huadong);Non;;Xinjiang;France;< RMB 50 (7,14€);< RMB 300 (42,86€);< RMB 1000 (142,86€);Bas de gamme;Plûtot content;< ¥ 100 (14,29€);Les textes;;Oui, j’avoue.;Non, je ne suis pas d’accord.;Oui, j’avoue.;Non, je ne suis pas d’accord.;Autre;Ça dépend à la situation;Il y a quelques jours;Taobao;;Cadeaux;;"Vin rouge;Vin blanc;Champagne;Vin pétillant";;;DLC8-PRT7;14/03/2023 20:44:11;14/03/2023 20:49:12;;301,4394435;Direct;FR;Smartphone;Terminé
63;Homme;;;学生;Région du Nord-ouest (Xibei);Oui;;甘肃;法国;< RMB 100 (14,29€);< RMB 300 (42,86€);< RMB 500 (71,43€);milieu de gamme;Plutôt pas content;< ¥ 100 (14,29€);"Le prix;Les textes;Les paiements échelonnés";;Oui, j’avoue.;Oui, j’avoue.;Oui, j’avoue.;Je ne connais pas les concepts impliqués dans la question.;Non, je ne suis pas d’accord.;;Il y a un an ou plus que an ans.;Autre;超市;"Autre;Achetez et buvez pour vous-même";;Vin pétillant;;挺好的;VNNS-ZW5N;14/03/2023 21:02:44;14/03/2023 21:05:55;;191,4410713;Direct;CN;Smartphone;Terminé
64;Homme;;de 30 à 39 ans;农民;Région du Centre (Huazhong);Non;;0;法国;< RMB 100 (14,29€);< RMB 300 (42,86€);< RMB 1000 (142,86€);haut de gamme;Plutôt pas content;< ¥ 100 (14,29€);"Autre;Les textes;Le prix";;Oui, j’avoue.;Oui, j’avoue.;Oui, j’avoue.;Je ne connais pas les concepts impliqués dans la question.;Non, je ne suis pas d’accord.;;Il y a des mois;Autre;饭店;"Cadeaux;Achetez et buvez pour vous-même";;"Vin rouge;Vin blanc;Vin liquoreux;Vin pétillant";;美丽;XVW5-RNSZ;14/03/2023 21:14:20;14/03/2023 21:19:55;;334,9190409;Direct;CN;Smartphone;Terminé
65;Femme;;de 18 à 29 ans;学生;Région de l'Est (Huadong);Je ne sais pas;;0;法国;< RMB 200 (28,57€);< RMB 500 (71,43€);< RMB 1000 (142,86€);milieu de gamme;Plutôt pas content;< ¥ 500 (71,43€);Le prix;;Non, je ne suis pas d’accord.;Non, je ne suis pas d’accord.;Oui, j’avoue.;Je ne connais pas les concepts impliqués dans la question.;Oui, j’avoue.;;Hier, ou maintenant !;Autre;超市;Achetez et buvez pour vous-même;;Vin rouge;;;CP5A-3PAX;14/03/2023 21:23:39;14/03/2023 21:27:53;;254,1358696;Direct;CN;Smartphone;Terminé
66;Homme;;de 18 à 29 ans;学生;Région de l'Est (Huadong);Non;;;法国;< RMB 100 (14,29€);< RMB 200 (28,57€);< RMB 300 (42,86€);milieu de gamme;Plutôt pas content;< ¥ 100 (14,29€);Les textes;;Non, je ne suis pas d’accord.;Oui, j’avoue.;Non, je ne suis pas d’accord.;Non, je ne suis pas d’accord.;Non, je ne suis pas d’accord.;;Il y a quelques jours;Autre;线下超市;Achetez et buvez pour vous-même;;"Vin rosé;Vin blanc;Vin pétillant;Champagne";;国内葡萄酒比国外好喝那个问题，我没喝过国内葡萄酒，建议增加这个选项;XF9N-EZC7;14/03/2023 22:51:52;14/03/2023 22:56:28;;275,8719623;Direct;CN;Smartphone;Terminé
67;Homme;;de 18 à 29 ans;学生;Région du Sud-centre (Zhongnan);Non;;云南;法国;< RMB 100 (14,29€);< RMB 300 (42,86€);< RMB 1000 (142,86€);milieu de gamme;Plutôt pas content;< ¥ 200 (28,57€);Les textes;;Oui, j’avoue.;Non, je ne suis pas d’accord.;Non, je ne suis pas d’accord.;Non, je ne suis pas d’accord.;Non, je ne suis pas d’accord.;;Il y a quelques jours;"Autre;JD;Tmall";酒庄;Achetez et buvez pour vous-même;;"Vin rosé;Champagne;Vin pétillant";;;2RJA-82LL;14/03/2023 23:07:31;14/03/2023 23:14:30;;418,7311304;Direct;CN;Smartphone;Terminé
68;Homme;;de 40 à 49 ans;教师;Région de l'Est (Huadong);Non;;新疆，宁夏;法国;< RMB 500 (71,43€);< RMB 1000 (142,86€);< RMB 500 (71,43€);milieu de gamme;;< ¥ 250 (35,71€);"Les textes;Le prix;La photo;Les paiements échelonnés";;Oui, j’avoue.;Non, je ne suis pas d’accord.;Oui, j’avoue.;Je ne connais pas les concepts impliqués dans la question.;Oui, j’avoue.;;Il y a quelques jours;"Tmall;JD;Taobao;Wechat";超市或者专卖店;"Achetez et buvez pour vous-même;Cadeaux";;"Vin rouge;Vin blanc";;暂时没啥建议的，就感觉葡萄酒业还真有点专业性呢;7JYA-6PZ4;14/03/2023 23:17:17;14/03/2023 23:23:44;;386,3176166;Direct;CN;Smartphone;Terminé
69;Homme;;de 40 à 49 ans;教育;Région de l'Est (Huadong);Non;;0;法国;< RMB 100 (14,29€);< RMB 300 (42,86€);< RMB 1000 (142,86€);milieu de gamme;Plûtot content;< ¥ 200 (28,57€);La photo;;Oui, j’avoue.;Non, je ne suis pas d’accord.;Oui, j’avoue.;Je ne connais pas les concepts impliqués dans la question.;Non, je ne suis pas d’accord.;;Il y a un an ou plus que an ans.;Tmall;;Cadeaux;;"Vin rosé;Vin liquoreux";;;A3C7-H6H9;14/03/2023 23:25:26;14/03/2023 23:28:44;;197,9720341;Direct;CN;Smartphone;Terminé
70;Homme;;de 18 à 29 ans;学生;Région du Sud-centre (Zhongnan);Oui;;甘肃;法国;< RMB 100 (14,29€);< RMB 200 (28,57€);< RMB 1000 (142,86€);milieu de gamme;Pas du tout;< ¥ 150 (21,43€);"Le prix;La photo;Les textes";;Non, je ne suis pas d’accord.;Non, je ne suis pas d’accord.;Oui, j’avoue.;Non, je ne suis pas d’accord.;Oui, j’avoue.;;Il y a des mois;Autre;线下购买;"Achetez et buvez pour vous-même;Autre";;"Vin rouge;Vin liquoreux";;;MHUF-7PD2;14/03/2023 23:27:39;14/03/2023 23:29:57;;138,3168686;Direct;CN;PC;Terminé
71;Femme;;de 18 à 29 ans;学生;Région du Sud-ouest (Xi'nan);Non;;山东;法国;< RMB 100 (14,29€);< RMB 200 (28,57€);< RMB 500 (71,43€);milieu de gamme;Plûtot content;< ¥ 200 (28,57€);Les textes;;Oui, j’avoue.;Non, je ne suis pas d’accord.;Oui, j’avoue.;Non, je ne suis pas d’accord.;Oui, j’avoue.;;Hier, ou maintenant !;Autre;超市;"Achetez et buvez pour vous-même;Apprentissage et éducation";;"Vin rouge;Champagne";;Perfetto ;843L-V34L;14/03/2023 23:28:01;14/03/2023 23:30:27;;146,0734642;Direct;CN;Smartphone;Terminé
72;Femme;;de 18 à 29 ans;自由职业;Région de l'Est (Huadong);Non;;0;0;< RMB 200 (28,57€);< RMB 300 (42,86€);< RMB 500 (71,43€);milieu de gamme;;;"La photo;Le prix";;Non, je ne suis pas d’accord.;Non, je ne suis pas d’accord.;Oui, j’avoue.;Oui, j’avoue.;Non, je ne suis pas d’accord.;;Jamais;"Taobao;JD;Tmall;TikTok";;"Achetez et buvez pour vous-même;Cadeaux";;"Vin blanc;Vin liquoreux;Vin pétillant";;;LHPE-CLM2;15/03/2023 00:33:07;15/03/2023 00:35:50;;162,6409532;Direct;CN;Smartphone;Terminé
73;Homme;;de 18 à 29 ans;银行;Région de l'Est (Huadong);Non;;甘肃;法国;< RMB 300 (42,86€);< RMB 500 (71,43€);< RMB 1000 (142,86€);milieu de gamme;Plûtot content;< ¥ 500 (71,43€);"Le prix;La photo;Les textes";;Oui, j’avoue.;Non, je ne suis pas d’accord.;Non, je ne suis pas d’accord.;Non, je ne suis pas d’accord.;Non, je ne suis pas d’accord.;;Hier, ou maintenant !;"JD;Tmall;Taobao";;Achetez et buvez pour vous-même;;"Vin rouge;Vin blanc";;;7EZ4-ZS4J;15/03/2023 01:28:07;15/03/2023 01:33:47;;339,8250824;Direct;CN;Smartphone;Terminé
74;Homme;;de 18 à 29 ans;学生;Région du Nord (Huabei);Non;;宁夏;法国;< RMB 100 (14,29€);< RMB 300 (42,86€);< RMB 300 (42,86€);haut de gamme;Plutôt pas content;< ¥ 200 (28,57€);"La photo;Le prix";;Oui, j’avoue.;Non, je ne suis pas d’accord.;Non, je ne suis pas d’accord.;Je ne connais pas les concepts impliqués dans la question.;Non, je ne suis pas d’accord.;;Il y a quelques jours;"Wechat;Autre";;Achetez et buvez pour vous-même;;"Vin blanc;Champagne;Vin pétillant";;;9FH3-6E8Z;15/03/2023 06:22:51;15/03/2023 06:27:26;;275,0206873;Direct;CN;Smartphone;Terminé
75;;;50 ans ou plus;财务;Région du Sud-ouest (Xi'nan);Non;;青岛;法国;< RMB 100 (14,29€);< RMB 200 (28,57€);< RMB 500 (71,43€);haut de gamme;Plutôt pas content;< ¥ 250 (35,71€);La photo;;Oui, j’avoue.;Oui, j’avoue.;Oui, j’avoue.;Je ne connais pas les concepts impliqués dans la question.;Autre;;Il y a un an ou plus que an ans.;Autre;实体店铺;Achetez et buvez pour vous-même;;Vin rouge;;没有意见;BMUJ-XHFK;16/03/2023 09:23:25;16/03/2023 09:37:22;;836,894168;Direct;CN;PC;Terminé
